{"error": false, "size": [1920, 1080], "name": "Naruto_clue", "version": "1.0", "location": {"label": {"start": ["game/script.rpy", 14], "aleatorio": ["game/script.rpy", 33], "seleccion1": ["game/script.rpy", 48], "menu_personajes1": ["game/script.rpy", 56], "menu_armas1": ["game/script.rpy", 97], "menu_lugares1": ["game/script.rpy", 140], "acusacion1": ["game/script.rpy", 176], "seleccion2": ["game/script.rpy", 223], "menu_personajes2": ["game/script.rpy", 231], "menu_armas2": ["game/script.rpy", 272], "menu_lugares2": ["game/script.rpy", 315], "acusacion2": ["game/script.rpy", 350], "seleccion3": ["game/script.rpy", 397], "menu_personajes3": ["game/script.rpy", 405], "menu_armas3": ["game/script.rpy", 445], "menu_lugares3": ["game/script.rpy", 488], "acusacion3": ["game/script.rpy", 523], "seleccion4": ["game/script.rpy", 570], "menu_personajes4": ["game/script.rpy", 578], "menu_armas4": ["game/script.rpy", 619], "menu_lugares4": ["game/script.rpy", 662], "acusacion4": ["game/script.rpy", 698], "seleccion5": ["game/script.rpy", 745], "menu_personajes5": ["game/script.rpy", 753], "menu_armas5": ["game/script.rpy", 793], "menu_lugares5": ["game/script.rpy", 833], "acusacion5": ["game/script.rpy", 868]}, "define": {"gui.accent_color": ["game/gui.rpy", 26], "gui.idle_color": ["game/gui.rpy", 29], "gui.idle_small_color": ["game/gui.rpy", 32], "gui.hover_color": ["game/gui.rpy", 35], "gui.selected_color": ["game/gui.rpy", 39], "gui.insensitive_color": ["game/gui.rpy", 42], "gui.muted_color": ["game/gui.rpy", 46], "gui.hover_muted_color": ["game/gui.rpy", 47], "gui.text_color": ["game/gui.rpy", 50], "gui.interface_text_color": ["game/gui.rpy", 51], "gui.text_font": ["game/gui.rpy", 57], "gui.name_text_font": ["game/gui.rpy", 60], "gui.interface_text_font": ["game/gui.rpy", 63], "gui.text_size": ["game/gui.rpy", 66], "gui.name_text_size": ["game/gui.rpy", 69], "gui.interface_text_size": ["game/gui.rpy", 72], "gui.label_text_size": ["game/gui.rpy", 75], "gui.notify_text_size": ["game/gui.rpy", 78], "gui.title_text_size": ["game/gui.rpy", 81], "gui.main_menu_background": ["game/gui.rpy", 87], "gui.game_menu_background": ["game/gui.rpy", 88], "gui.textbox_height": ["game/gui.rpy", 97], "gui.textbox_yalign": ["game/gui.rpy", 101], "gui.name_xpos": ["game/gui.rpy", 107], "gui.name_ypos": ["game/gui.rpy", 108], "gui.name_xalign": ["game/gui.rpy", 112], "gui.namebox_width": ["game/gui.rpy", 116], "gui.namebox_height": ["game/gui.rpy", 117], "gui.namebox_borders": ["game/gui.rpy", 121], "gui.namebox_tile": ["game/gui.rpy", 125], "gui.dialogue_xpos": ["game/gui.rpy", 130], "gui.dialogue_ypos": ["game/gui.rpy", 131], "gui.dialogue_width": ["game/gui.rpy", 134], "gui.dialogue_text_xalign": ["game/gui.rpy", 138], "gui.button_width": ["game/gui.rpy", 148], "gui.button_height": ["game/gui.rpy", 149], "gui.button_borders": ["game/gui.rpy", 153], "gui.button_tile": ["game/gui.rpy", 157], "gui.button_text_font": ["game/gui.rpy", 160], "gui.button_text_size": ["game/gui.rpy", 163], "gui.button_text_idle_color": ["game/gui.rpy", 166], "gui.button_text_hover_color": ["game/gui.rpy", 167], "gui.button_text_selected_color": ["game/gui.rpy", 168], "gui.button_text_insensitive_color": ["game/gui.rpy", 169], "gui.button_text_xalign": ["game/gui.rpy", 173], "gui.radio_button_borders": ["game/gui.rpy", 181], "gui.check_button_borders": ["game/gui.rpy", 183], "gui.confirm_button_text_xalign": ["game/gui.rpy", 185], "gui.page_button_borders": ["game/gui.rpy", 187], "gui.quick_button_borders": ["game/gui.rpy", 189], "gui.quick_button_text_size": ["game/gui.rpy", 190], "gui.quick_button_text_idle_color": ["game/gui.rpy", 191], "gui.quick_button_text_selected_color": ["game/gui.rpy", 192], "gui.choice_button_width": ["game/gui.rpy", 205], "gui.choice_button_height": ["game/gui.rpy", 206], "gui.choice_button_tile": ["game/gui.rpy", 207], "gui.choice_button_borders": ["game/gui.rpy", 208], "gui.choice_button_text_font": ["game/gui.rpy", 209], "gui.choice_button_text_size": ["game/gui.rpy", 210], "gui.choice_button_text_xalign": ["game/gui.rpy", 211], "gui.choice_button_text_idle_color": ["game/gui.rpy", 212], "gui.choice_button_text_hover_color": ["game/gui.rpy", 213], "gui.choice_button_text_insensitive_color": ["game/gui.rpy", 214], "gui.slot_button_width": ["game/gui.rpy", 224], "gui.slot_button_height": ["game/gui.rpy", 225], "gui.slot_button_borders": ["game/gui.rpy", 226], "gui.slot_button_text_size": ["game/gui.rpy", 227], "gui.slot_button_text_xalign": ["game/gui.rpy", 228], "gui.slot_button_text_idle_color": ["game/gui.rpy", 229], "gui.slot_button_text_selected_idle_color": ["game/gui.rpy", 230], "gui.slot_button_text_selected_hover_color": ["game/gui.rpy", 231], "config.thumbnail_width": ["game/gui.rpy", 234], "config.thumbnail_height": ["game/gui.rpy", 235], "gui.file_slot_cols": ["game/gui.rpy", 238], "gui.file_slot_rows": ["game/gui.rpy", 239], "gui.navigation_xpos": ["game/gui.rpy", 249], "gui.skip_ypos": ["game/gui.rpy", 252], "gui.notify_ypos": ["game/gui.rpy", 255], "gui.choice_spacing": ["game/gui.rpy", 258], "gui.navigation_spacing": ["game/gui.rpy", 261], "gui.pref_spacing": ["game/gui.rpy", 264], "gui.pref_button_spacing": ["game/gui.rpy", 267], "gui.page_spacing": ["game/gui.rpy", 270], "gui.slot_spacing": ["game/gui.rpy", 273], "gui.main_menu_text_xalign": ["game/gui.rpy", 276], "gui.frame_borders": ["game/gui.rpy", 285], "gui.confirm_frame_borders": ["game/gui.rpy", 288], "gui.skip_frame_borders": ["game/gui.rpy", 291], "gui.notify_frame_borders": ["game/gui.rpy", 294], "gui.frame_tile": ["game/gui.rpy", 297], "gui.bar_size": ["game/gui.rpy", 311], "gui.scrollbar_size": ["game/gui.rpy", 312], "gui.slider_size": ["game/gui.rpy", 313], "gui.bar_tile": ["game/gui.rpy", 317], "gui.scrollbar_tile": ["game/gui.rpy", 318], "gui.slider_tile": ["game/gui.rpy", 319], "gui.bar_borders": ["game/gui.rpy", 322], "gui.scrollbar_borders": ["game/gui.rpy", 323], "gui.slider_borders": ["game/gui.rpy", 324], "gui.vbar_borders": ["game/gui.rpy", 327], "gui.vscrollbar_borders": ["game/gui.rpy", 328], "gui.vslider_borders": ["game/gui.rpy", 329], "gui.unscrollable": ["game/gui.rpy", 333], "config.history_length": ["game/gui.rpy", 341], "gui.history_height": ["game/gui.rpy", 345], "gui.history_name_xpos": ["game/gui.rpy", 349], "gui.history_name_ypos": ["game/gui.rpy", 350], "gui.history_name_width": ["game/gui.rpy", 351], "gui.history_name_xalign": ["game/gui.rpy", 352], "gui.history_text_xpos": ["game/gui.rpy", 355], "gui.history_text_ypos": ["game/gui.rpy", 356], "gui.history_text_width": ["game/gui.rpy", 357], "gui.history_text_xalign": ["game/gui.rpy", 358], "gui.nvl_borders": ["game/gui.rpy", 366], "gui.nvl_list_length": ["game/gui.rpy", 370], "gui.nvl_height": ["game/gui.rpy", 374], "gui.nvl_spacing": ["game/gui.rpy", 378], "gui.nvl_name_xpos": ["game/gui.rpy", 382], "gui.nvl_name_ypos": ["game/gui.rpy", 383], "gui.nvl_name_width": ["game/gui.rpy", 384], "gui.nvl_name_xalign": ["game/gui.rpy", 385], "gui.nvl_text_xpos": ["game/gui.rpy", 388], "gui.nvl_text_ypos": ["game/gui.rpy", 389], "gui.nvl_text_width": ["game/gui.rpy", 390], "gui.nvl_text_xalign": ["game/gui.rpy", 391], "gui.nvl_thought_xpos": ["game/gui.rpy", 395], "gui.nvl_thought_ypos": ["game/gui.rpy", 396], "gui.nvl_thought_width": ["game/gui.rpy", 397], "gui.nvl_thought_xalign": ["game/gui.rpy", 398], "gui.nvl_button_xpos": ["game/gui.rpy", 401], "gui.nvl_button_xalign": ["game/gui.rpy", 402], "gui.language": ["game/gui.rpy", 411], "quick_menu": ["game/screens.rpy", 267], "gui.history_allow_tags": ["game/screens.rpy", 913], "config.nvl_list_length": ["game/screens.rpy", 1342], "config.name": ["game/options.rpy", 16], "gui.show_name": ["game/options.rpy", 22], "config.version": ["game/options.rpy", 27], "gui.about": ["game/options.rpy", 33], "build.name": ["game/options.rpy", 40], "config.has_sound": ["game/options.rpy", 49], "config.has_music": ["game/options.rpy", 50], "config.has_voice": ["game/options.rpy", 51], "config.enter_transition": ["game/options.rpy", 76], "config.exit_transition": ["game/options.rpy", 77], "config.intra_transition": ["game/options.rpy", 82], "config.after_load_transition": ["game/options.rpy", 87], "config.end_game_transition": ["game/options.rpy", 92], "config.window": ["game/options.rpy", 109], "config.window_show_transition": ["game/options.rpy", 114], "config.window_hide_transition": ["game/options.rpy", 115], "config.save_directory": ["game/options.rpy", 147], "config.window_icon": ["game/options.rpy", 154], "n": ["game/script.rpy", 1], "A": ["game/script.rpy", 2], "K": ["game/script.rpy", 3], "L": ["game/script.rpy", 4], "H": ["game/script.rpy", 5], "C": ["game/script.rpy", 6]}, "screen": {"say": ["game/screens.rpy", 98], "input": ["game/screens.rpy", 175], "choice": ["game/screens.rpy", 208], "quick_menu": ["game/screens.rpy", 1411], "navigation": ["game/screens.rpy", 288], "main_menu": ["game/screens.rpy", 351], "game_menu": ["game/screens.rpy", 416], "about": ["game/screens.rpy", 543], "save": ["game/screens.rpy", 583], "load": ["game/screens.rpy", 590], "file_slots": ["game/screens.rpy", 597], "preferences": ["game/screens.rpy", 713], "history": ["game/screens.rpy", 872], "help": ["game/screens.rpy", 961], "keyboard_help": ["game/screens.rpy", 990], "mouse_help": ["game/screens.rpy", 1041], "gamepad_help": ["game/screens.rpy", 1064], "confirm": ["game/screens.rpy", 1130], "skip_indicator": ["game/screens.rpy", 1194], "notify": ["game/screens.rpy", 1250], "nvl": ["game/screens.rpy", 1289], "nvl_dialogue": ["game/screens.rpy", 1321]}, "transform": {"delayed_blink": ["game/screens.rpy", 1212], "notify_appear": ["game/screens.rpy", 1261]}, "callable": {"touch": ["game/gui.rpy", 422], "small": ["game/gui.rpy", 429]}}, "build": {"directory_name": "Naruto_clue-1.0", "executable_name": "Naruto_clue", "include_update": false, "packages": [{"name": "pc", "formats": ["zip"], "file_lists": ["windows", "linux", "renpy", "all"], "description": "PC: Windows and Linux", "update": true, "dlc": false, "hidden": false}, {"name": "linux", "formats": ["tar.bz2"], "file_lists": ["linux", "linux_arm", "renpy", "all"], "description": "Linux", "update": true, "dlc": false, "hidden": false}, {"name": "mac", "formats": ["app-zip", "app-dmg"], "file_lists": ["mac", "renpy", "all"], "description": "Macintosh", "update": true, "dlc": false, "hidden": false}, {"name": "win", "formats": ["zip"], "file_lists": ["windows", "renpy", "all"], "description": "Windows", "update": true, "dlc": false, "hidden": false}, {"name": "market", "formats": ["bare-zip"], "file_lists": ["windows", "linux", "mac", "renpy", "all"], "description": "Windows, Mac, Linux for Markets", "update": true, "dlc": false, "hidden": false}, {"name": "steam", "formats": ["zip"], "file_lists": ["windows", "linux", "mac", "renpy", "all"], "description": "steam", "update": true, "dlc": false, "hidden": true}, {"name": "android", "formats": ["directory"], "file_lists": ["android", "all"], "description": "android", "update": false, "dlc": true, "hidden": true}, {"name": "ios", "formats": ["directory"], "file_lists": ["ios", "all"], "description": "ios", "update": false, "dlc": true, "hidden": true}, {"name": "web", "formats": ["zip"], "file_lists": ["web", "all"], "description": "web", "update": false, "dlc": true, "hidden": true}], "archives": [["archive", ["all"]]], "documentation_patterns": ["*.html", "*.txt"], "base_patterns": [["*.py", null], ["*.sh", null], ["*.app/", null], ["*.dll", null], ["*.manifest", null], ["lib/", null], ["renpy/", null], ["update/", null], ["common/", null], ["update/", null], ["old-game/", null], ["icon.ico", null], ["icon.icns", null], ["project.json", null], ["log.txt", null], ["errors.txt", null], ["traceback.txt", null], ["image_cache.txt", null], ["text_overflow.txt", null], ["dialogue.txt", null], ["dialogue.tab", null], ["profile_screen.txt", null], ["files.txt", null], ["memory.txt", null], ["tmp/", null], ["game/saves/", null], ["game/bytecode.rpyb", null], ["archived/", null], ["launcherinfo.py", null], ["android.txt", null], ["game/presplash*.*", ["all"]], [".android.json", ["android"]], ["android-*.png", ["android"]], ["android-*.jpg", ["android"]], ["ouya_icon.png", null], ["ios-presplash.*", ["ios"]], ["ios-launchimage.png", null], ["ios-icon.png", null], ["web-presplash.png", ["web"]], ["web-presplash.jpg", ["web"]], ["web-presplash.webp", ["web"]], ["progressive_download.txt", ["web"]], ["steam_appid.txt", null], ["**~", null], ["**.bak", null], ["**/.**", null], ["**/#**", null], ["**/thumbs.db", null], [".*", null], ["**", ["all"]]], "renpy_patterns": [["renpy/common/_compat/**", null], ["renpy/common/_roundrect/**", null], ["renpy/common/_outline/**", null], ["renpy/common/_theme**", null], ["lib/**/_ssl.*", null], ["renpy/**__pycache__/**.cpython-39.pyc", ["all"]], ["renpy/**__pycache__", ["all"]], ["**~", null], ["**/#*", null], ["**/.*", null], ["**.old", null], ["**.new", null], ["**.rpa", null], ["**/steam_appid.txt", null], ["renpy.py", ["all"]], ["renpy/", ["all"]], ["renpy/**.py", ["renpy"]], ["renpy/**.pxd", null], ["renpy/**.pxi", null], ["renpy/**.pyx", null], ["renpy/**.pyc", null], ["renpy/**.pyo", null], ["renpy/common/", ["all"]], ["renpy/common/_compat/**", ["renpy"]], ["renpy/common/**.rpy", ["renpy"]], ["renpy/common/**.rpym", ["renpy"]], ["renpy/common/_compat/**", ["renpy"]], ["renpy/common/**", ["all"]], ["renpy/**", ["all"]], ["lib/*/renpy", null], ["lib/*/renpy.exe", null], ["lib/*/pythonw.exe", null], ["lib/py2-*/", null], ["lib/py*-windows-i686/**", ["windows_i686"]], ["lib/py*-windows-x86_64/**", ["windows"]], ["lib/py*-linux-i686/**", ["linux_i686"]], ["lib/py*-linux-aarch64/**", ["linux_arm"]], ["lib/py*-linux-armv7l/**", ["linux_arm"]], ["lib/py*-linux-*/**", ["linux"]], ["lib/py*-mac-*/**", ["mac"]], ["lib/python2.*/**", null], ["lib/**", ["windows", "linux", "mac", "android", "ios"]], ["renpy.sh", ["linux", "mac"]]], "xbit_patterns": ["**.sh", "lib/py*-linux-*/*", "lib/py*-mac-*/*", "**.app/Contents/MacOS/*"], "version": "1.0", "display_name": "Naruto_clue", "exclude_empty_directories": true, "allow_integrated_gpu": true, "renpy": false, "script_version": true, "destination": "Naruto_clue-1.0-dists", "mac_info_plist": {}, "merge": [["linux_i686", "linux"], ["windows_i686", "windows"]], "include_i686": true, "change_icon_i686": true, "android_permissions": [], "_sdk_fonts": false}}